{
    "rmse": 0.7201248410941716,
    "mae": 0.5671430880969932,
    "r2": 0.24679085792586186
}