{
    "rmse": 0.7686439934787955,
    "mae": 0.6383155522712447,
    "r2": 0.026576039853725253
}